{"cameraMode":{"drawMode":0,"name":"Shaded","section":"Shading Mode"},"sceneLighting":false,"audioPlay":false,"sceneViewState":{"m_AlwaysRefresh":false,"showFog":true,"showSkybox":false,"showFlares":true,"showImageEffects":true,"showParticleSystems":true,"showVisualEffectGraphs":true,"m_FxEnabled":true},"in2DMode":false,"pivot":{"x":-23.367000579833986,"y":18.417720794677736,"z":-21.139999389648439},"rotation":{"x":-0.08387049287557602,"y":-0.6927084922790527,"z":0.08163529634475708,"w":-0.7116609811782837},"size":1.2629377841949463,"orthographic":false}