{"cameraMode":{"drawMode":0,"name":"Shaded","section":"Shading Mode"},"sceneLighting":false,"audioPlay":false,"sceneViewState":{"m_AlwaysRefresh":false,"showFog":true,"showSkybox":false,"showFlares":true,"showImageEffects":true,"showParticleSystems":true,"showVisualEffectGraphs":true,"m_FxEnabled":true},"in2DMode":false,"pivot":{"x":0.34570860862731936,"y":16.030000686645509,"z":-18.351022720336915},"rotation":{"x":-0.40627309679985049,"y":-0.2618739902973175,"z":0.12274644523859024,"w":-0.8667778372764587},"size":1.4142135381698609,"orthographic":false}