{"cameraMode":{"drawMode":0,"name":"Shaded","section":"Shading Mode"},"sceneLighting":false,"audioPlay":false,"sceneViewState":{"m_AlwaysRefresh":false,"showFog":true,"showSkybox":false,"showFlares":true,"showImageEffects":true,"showParticleSystems":true,"showVisualEffectGraphs":true,"m_FxEnabled":true},"in2DMode":false,"pivot":{"x":7.690000534057617,"y":-2.5585641860961916,"z":13.758611679077149},"rotation":{"x":-0.03268878534436226,"y":-0.7147626876831055,"z":0.033481109887361529,"w":-0.6978034973144531},"size":1.8769614696502686,"orthographic":false}